,Comment,Likes,Time,user
0,"Masih betah dengan Redmi Note 8 karena memang baru beli dan pemakaian udah 4 bulan. Salah satu kelemahan terbesar ya layarnya yg burn in. Tapi udah diatasi dengan pergantian LCD melalui service center. Alhasil, layarnya udah normal lagi dan cakep. Salut sih buat Xiaomi, hp yg benar2 bisa dijangkau, baik itu dari low end sampai flagshipnya. Karena memang udah jatuh hati ke Xiaomi, jadi susah pindah ke brand lain. Setiap brand punya kelebihan apalagi kekurangan pada produknya, gak ada yg sempurna. Beli HP ya lebih bagus sesuai dengan kebutuhan. Good job Xiaomi",37,2 years ago,
1,"hal yg gw suka dari david gadgetin adalah dia jujur, murni pendapat pribadi. kemudian kalo menurut dia hp yg direview gak rekomended yg bilang gak rekomended karena dia jujur. bahkan utk netizen yg gak suka dengan konten video milik david gadgetin dipersilakan utk dislike.. maju terus bang david..",59,2 years ago,
2,"Sebenernya sempet ngerasa, kalo persaingan pasar smartphone itu bener2 masif sekarang. Terutama brand Redmi, Realme, dan Samsung, yg terus menerus ngeluarin produk. Jadi setiap bulan kyk disuguhi dgn produk2 baru terus, dgn berbagai variasi harga dan fitur. Sehingga produk2 yg sebenernya masih tergolong baru pun, jadi terkesan cepet lawas karena produk2 yg lebih baru datang terus..",43,2 years ago,
3,"Gw family man 40's, sudah cocok lah, lebih dari cukup. Saya bukan gamer freek, tapi main game juga. aplikasi terasupi dengan baik. Kamera jarang dipakai tapi bisa diandalkan jika diperlukan. Mengingat pas mau beli poco x3 kemarin, keinget kebutuhan pengeluaran anak2, jadinya note 9 jadi pilihan. Kalo ke seri lama xiaomi takutnya sudah barang refubish/repacking.",23,2 years ago,
4,"Saya sebagai user Redmi Note, dari note 2, note 3, dan sekarang stay di note 4, karena seri Redmi Note itu seri yg paling worth it dan baterai nya juga awet banget, pemakaian biasa bisa nembus 7 jam, padahal umur baterai nya udah 3 tahun lebih, selain Batere layar Redmi Note juga udah FHD+, Dari jaman note 2, dan satu lagi, ir blaster buat jadiin hp sebagai remote, kadang fitur kaya gitu suka dianggap remeh, padahal itu sangat berguna kalau lagi mager ambil remote, sekian review yg sangat singkat dari saya, semoga membantu, terimakasih.",32,2 years ago,
5,"Dulu jamanan saya sekolah sma 2010/2011 teman kelas saya pakai hp yg biasa pd umumnya kek nokia jadul yg harganya 3rts rb yg bekas nexian cross samsung champ dan guru saya pada pake hp yg mahal harganya udh beda level ma kita kek blackberry terus nokia yg d lipat bahkan samsung yg dulu sekitaran 1,2 jt d rasa udh mahal bgt... Tp skrg 2021 saya udh jd guru hp saya redmi note 9 wktu Beli 2.7 jtan dan ternyata siswa saya pun pada pakai hp tipe itu ... Jd memang tuu hp harganya terjangkau dan JAWARA,",13,2 years ago (edited),
6,Yang aku suka dari merk Xiaomi dan teman-teman seperusahaannya adalah fitur nya. Khususnya Remote ️,35,2 years ago,
7,"Saya nonton review bang David selalu pakai Mi5. Setia dgn hp Compact, layar gk terlalu lebar, gk kegedan. Dan masih suka sama hp yg ada jidat dan dagunya.",9,2 years ago,
8,"Hmmm.... bener ternyata, udah ada rasa rasa sih kalo masih lebih worth it beli yg Note 8 Pro ketimbang yg Note 9.Pas liat review nya bang David jadi makin yakin saya, oke deh fix beli yg Note 8 Pro aja deh hehe.Thank you bang reviewnya~",8,2 years ago,
9,"Xiaomi sejak Brand Redmi nya dilepas ke pasaran, kualitas nya jauh menurun tidak seperti di awal awal generasi, seperti Mi Max, Redmi Note 3 Pro, Mi4C,W,S, mi5, mi5s,x.Sejak brand nya Redmi saja sepertinya kualitas menurun.Bagusan masih sama Mi kudu kesan elegan nya dapet dgn logo mi.Skrg malaz pake Xiaomi kalo jenis Redmi.Terakhir pakai Redmi 5, dan note 5 pro cukup lumayan.Setelah itu malas kalo pake Redmi, Klo keluarga mi, blackshark, poco okelah.",3,2 years ago,
10,"Sudah terlanjur beli renot 8 bulan kemarin dan terlanjur jatuh cinta ama desain dan build quality secara casingnya belakang udah kaca  corning gorillas 5 depan belakang,SD 665,pingin upgrade ke renot 8 pro dr pd yg note 9 ini malahan",9,2 years ago,
11,"masih bertahan dgn redmi note 4, sdh pakai 3 tahun mesin msh oke bgt.. Xiaomi pokoknya awet bgt.",4,2 years ago,
12,"Alhamdulillah sudah ganti HP dari redmi 4a ke redmi note 9, semoga yg mau beli juga bisa kebeli Aamiinnn",2.2K,2 years ago (edited),
13,"klo sy pribadi untuk range harga segitu lebih baik vivo z1 pro, realme 3 pro atau realme 5 pro dg kisaran 2,3-2,9 jt tergantung kapasitas ram dan internal storage, walaupun desainnya sdh mulai ditinggalkan, dan sepertinya chipsetnya kurang bagus dlm mensupport gyroEIS walaupun ada fitur tsb",7,2 years ago (edited),
14,"Seminggu kebelakang bingung saat mau beli redmi note 8 tapi mau keluar redmi note 9, tapi lihat speknya terus nge bandingin akhirnya pilih beli redmi note 8 secara harga 2,1jt (4/64 gb) kamera sama , layar compact (terlalu gede susah kalau dikantongin), performa ngga beda jauh, punya kelebihan juga kaca bagian belakangnya kerasa premiumSarannya sih beli redmi note 8 pro (4/64GB) sekalian G90t kenceng, bahan ok, harga tinggal nambah dikit udah dapet NFC di harga 2,7jt an",0,2 years ago,
15,"Renot 8 pro sih sukanya dipasang gcam,snap soalnya jadi lebih enak dikasih gcam,desain juga bagus backdoor kacaKalo batere lebih suka note 9",9,2 years ago,
16,"Jujur gua berterimakasih sama Xiaomi karena luncurin hp nya itu bener2 merhatiin fansnya, buat fans nya abis beli hp yg sebelumnya gak nyesel2 amat, reno 7 ke reno 8 selisih peluncuran nya lama jadi di buat selisih yg menggoda saat reno 8 di luncurkan, sekrang reno 8 ke reno 9 selisih peluncuran nya cepat, entah kenapa kaya Xiaomi sadar dan buat hp yg ramah sama pendahulunya, buat hp dengan desain lebih fresh tapi buildnya gak sebagus reno 8, mesin beda tipis jadi buat kita yg udah beli reno 8 gak nyesel, tapi buat yg belum pake reno 8 bagus banget kalo milih hp ini",4,2 years ago,
17,Keluaran suara dari HP ini bagus. Keras tapi tetap tidak cempreng. Bass dan treble nya seimbang.,11,2 years ago,
18,"Dari video ini, penjualan redmi note 9 bakalan ga nganu. Ya gmna, GadgedIn emg uda jd acuan di Indo. Tp salud, David prnah bilang kalo dia ttep bakal objektif demi penonton, meskipun di endorse pun akan ttp jujur dan objektif.
Bravo.",38,2 years ago,
19,Kalo tangguhnya jelas tetep yg reno9pro (snapdragon) lah.. tapi kalo diperjalanan waktu reno 9 biasa (mediatek) tidak ada masalah.. kayaknya versi yg biasa ini yg akan diberi update an lebih banyak dari xiaomi...Kalo buat dipake harian.. game2 aja reno9 gpp lah.... tp kalo bagi yg suka ngoprek2 ngeflash2 gonta ganti rom mediatek tetep mengkhawatirkan,3,2 years ago,
20,"Akhirnya gua lebih pilih Realme Narzo ketimbang RN9. Beberapa alasan besar karena bisa rekam 4K Video, dan karena mau nyobain hp yang punya refresh rate 90 Hz juga haha.",1,2 years ago,
21,Setelah sy unboxing redmi not 9 memang luar biasa....semoga lebih berkembang lagi redmi2 selanjutnya mantab,1,1 year ago,
22,"Ga jadi nyesel beli redmi note 8, lebih pas aja ditangan dan juga lebih kerasa premium, mantap lah",9,2 years ago,
23,"Alhamdulillah bsa nonton pake redmi not 9.puas bgt bwt aktivitas krja 6/128 udh lega bgt dan gk harus data lg krn memori kepenuhan he... Kamera video jg bagus, speakernya padet kenceng meskipun hanya speaker 1 tp udh enak suaranya. Bwt yg blm punya semoga bsa ksampaian.saya rekomen HP ini bwt yg aktivitas krja bth save data bnyk, bwt yg suka jualan online. Bwt saya pribadi kmaren pas mau beli sbnrnya cukup redmi not 10 budgetnya tp yg 4/64.saya pilih renot 9 6/128 krn lega bgt dan harga berimbang dgn not 10 4/64",8,1 year ago,
24,"Waktu tau Redmi note 9 pakai Mediatek G85, udah kepikiran kalau soal chipset pasti tdk stabil. Di banding Redmi note 8. Skip note 9, nunggu Redmi 10x yg pakai Mediatek Dimensity 820 yg stabil. Stabil dari sisi performa.",5,2 years ago,
25,"Sebenarnya xiaomi mengeluarkan redmi note 9 untuk pasar low end, bukan midle end, secara harga redmi note 9 variasi 4/64 Rp. 2,2 juta.Secara keseluruhan redmi note 9 ponsel jawara di kelas low end, bukan midle end.
Untuk kelas midle end ada xiaomi redmi note 9 pro, resmi note 9 pro max atau redmi note 9s, ( redmi note 8 pro ) dengan chipset MTK G90T / G95 atau snapdragon 720G.",26,2 years ago (edited),
26,"Dari segi fungsi dan design kalah banget sama note 8 ga ada tertariknya si sama note 9 , padahal pas keluar note 7 pengen banget beli dari goibnya pas muncul note 8 makin oke langsung nyari"" dan dapet harga retail , sekarang liat note 9 malah menurun..",6,2 years ago,
27,"Saya lebih pilih redmi note 8 karena :- Layar lebih terang, silakan cek di gsmarena, redmi note 9 bener2 parah karena cuma 300an nits, redmi note 8 dan 8 pro aja bisa 600 nits mentok.- Redmi Note 8 pakai snapdragon, kalau dibilang urusan panas ya bukan jg, tp gak stabil aja, saya pake Renote 8 Pro main smooth extreme gak stabil fps nya, kdg2 abis terima tlp main game lg udah lag aja.- Kamera bagusan di note 8, bisa liat di web2 luar, note 8 pakai samsung GM2 48MP, ini malah pakai GM1, dynamic range bagusan note 8, malah gw bandingin sendiri note 8 ama note 8 pro, dynamic range bagusan note 8 biasa jauh, tp kalau di zoom detail lebih dpt note 8 pro.- Redmi Note 8 bodynya kaca, gak jamuran lah yawMasih banyak lg sih pertimbangannya.
Kalau mau ambil mening sekalian Note 9 Pro.",0,2 years ago (edited),
28,"Redmi Note 8 tetep unggul soal body elegan,",1,2 years ago,
29,"Kalau menurut ku semua hp itu bagus,jadi saking banyaknya hp yang bagus kita sampai bingungDan itu semua tergantung selera, budget,dan penggunaan.",20,2 years ago,
30,Bukan karna pengen cari referensi hp hp terbaru dari bang David because karna gua kangen aja pengen liat video unboxing ..gua juga termasuk org yg hytech banget,3,2 years ago,
31,"Chipset G85 ini diprioritaskan untuk hemat daya, kalo G70 lebih diprioritaskan ke performa.G70: 4 Core A75 & 4 Core A55G85: 2 Core A75 & 6 Core A55",4,2 years ago (edited),
32,"Reviewnya jujur, sesuai gak ada mendukung suatu merk, mantap bg",1,1 year ago,
33,"Statement terakhir bg david "" HP bagus (reno 8 pro), artinya makin murah."". Komen saya : gak akan turun harganya setelah seller nonton video ini bg.. ...btw saya salah satu pengguna yg lebih memilih reno 8 4/64 harga 2.150, dibanding beli reno 9 4/64 yg harganya 2,5an.. Baru aja 3 mingguan beli reno 8 biasa.. hehe",10,2 years ago,
34,REDMI NOTE 9JARINGAN : 4GCHIPSET : HELIO G85 ( 12 NM )LAYAR : 6.53 IPS LCD FHD+BATERAI : 5020 MAHCHARGER : 18 WAT TYPE CKAMERA : 48 MPSPEAKER : NO STEREONFC : NORAM DAN HARGA4/64 : 2 JUTA6/128 : 2.4 JUTA,18,1 year ago,
35,sepertinya bukan redmi note 9nya yg jelek tapi redmi note 8 series yg udah terlalu mantep wkwkwk,3.4K,2 years ago,
36,Awalnya sempet nyesel beli reno 8 pro 3 hari sebelum launching reno 9. Pas liat review2 nya. Alhamdulillah tenang,3,2 years ago,
37,"Syukurlah berkat video ini saya gak nyesel sama sekali beli rednote 8 pro, soalnya saya baru beli note 8 pro seminggu kemudian note 9 series launching",3,2 years ago,
38,Bang David tolong Review redmi note 9 setelah update MIUI 12 biar tau apa kekurangan dan kelebihanya,8,2 years ago,
39,Dari awal renot 9/9pro rilis. Entah kenapa masih tetep jatuh hati sama renot 8/8 pro :'),1,2 years ago (edited),
40,Saya nonton ini pake xiaomi redmi note 9. Menurut saya ini hp stabil  kok buat merekam. Apa lagi MIUI 12 nya makin stabil mantap deh ini hp,1,2 years ago,
41,"aku kok suka banget ya sm review dr kak david ini , enak aja gt dngernya adem , trus jelasinnya tu detile gitu. sukaaaaaa ... sukses selalu kak david ,aku jd bisa faham tntg kurng dn lebihnya dari merk hp, jd bs mikir dn pilih2 utk beli yang mana . makasihh kak David",5,2 years ago,
42,Saya sebenarnya ngarep kalau AMD cepet2 ngeluarin chipset smartphone dan cepet2 nyingkirin mediatek. Kaya cara mereka ngacak2 chipset laptop/komputer. Semurah murah nya AMD performanya ngacir. Malah kualitas kamera buriknya laptop2 bisa jadi HD banget.,1,2 years ago,
43,"Mungkin karena chipset baru makanya sering drop fps,kalo udah di update mungkin beda",2,2 years ago,
44,Alhamdulillah 3 bulan yang lalu nntn review ini skrg udh kebeli tanpa nyicil  semoga yg blm kebeli cepet kebeli yaw,92,2 years ago,
45,"Internal 128GB itu yg mengiurkan
Soalnya saya pribadi pengen nyoba2 game mobile aja.  Gk terlalu ngurusin apa itu frame rate, grafik, dsb, karena saya gk ngerti.  Asal mata saya enak ngeliatnya, it's ok.  Sampe saat ini saya masih pake Redmi Note 5A (3/32) yang bikin repot kalo mau nyoba game, harus uninstall yg ada dulu, wkw
Terima kasih atas review-nya, Bang",3,2 years ago,
46,"Coba di review ulang setelah update miui 12 , soalnya dr kemren2 redmi nya pake snapdragon  , ini mediatek ada embel2 G nya, kali aja tuh masih banyak bug  , biasalah miui",3,2 years ago,
47,"Up.Kerasa banget beda nya, dri MIUI 11 pas awal beli, sampe dapet update ke MIUI 12 setelah 3/5harian setelah beli. Skarang makin mantebReview ulang please bang",9,2 years ago,
48,"Setelah kehilangan redmi note 7, trus bingung mau beli yg Reno 8 / reno9. Nonton sana sini sana sini sampai bingung. Akhirnya milih  reno9.Dan I feel better setelah pake reno9. Dari segi layar aku suka karna lebih panjang. Batrai lebih tahan lama. Galeri  yg sudah kehapus ada system simpan sampai 30 harinya. Kameranya jangan salah. Lebih dari Reno 7 yang aku pake dulu. Dan recommended banget. Serius. Udah 10 hari gue makenya.",0,2 years ago,
49,alhamdulillah udah pake redmi note 10  semoga yg nonton video ini bisa kebeli hp yg kalian inginkan,11,1 year ago (edited),
50,alhamdulillah si ni hp udah 5x lebih nyelam air masih ttp idup,1,2 months ago,
51,"Akhirnya yg di tunggu"" di review juga mantap bang david",13,2 years ago,
52,"gue baru beli Redmi Note 8 pro sebulan yang lalu. Pas iklan redmi note 9 keluar, gue sedih banget. Tapi pas liat David nge Review Redmi Note 9 dan Redmi Note 8 Pro. Gue jadi percaya diri pake Redmi Note 8 Pro",1,2 years ago,
53,"Nonton Review Redmi Note 9 pake Redmi Note 9 juga yg forest green.Udah pake ini semingguan sebelum ada review ini tapi ga masalah kok,Karena saya sebelumnya pengguna hp yg udah hampir 3 tahun ga ganti hp,emang kerasa banget bongsornya dari saya yg sebelumnya cuma pake HP 5 inch,ya paling kurang LED notif aja yg berasa",2,2 years ago,
54,"Akhirnya aku bisa bikin video youtube dengan HP redmi not9..Terimakasih bang da David atas informasinya tentang ponsel terbaru.Saya sering banget nonton video bang David, sukses selallu",10,2 years ago,
55,"Setiap mau beli hp , pasti nonton chanel ini ,dan akhirnya bingung mau beli yang mana",3,2 years ago,
56,setelah update redmi not9 top markotop kgak ada keluhan enak apalagi buat gaming skarang udah lancar jaya,1,2 years ago,
57,"Saya user Redmi 5a yang pindah ke Redmi Note 9, pendapat saya sih bener layarnya kegedean apalagi saya dulu pake Redmi 5a yang layarnya kecil. Buat main game kadang juga masih drop fps nya walaupun sebentar doang buat kamera ya standar aja lah bagus,dan buat batre ini gede dan awet banget, buat charge nya cukup 2 jam aja pake charge an bawaanya.
Ya udah gitu aja.",221,2 years ago,
58,"Kemaren bimbang mau beli note 8/9, habis di pikirin lagi akhirnya ambil note 9, kamera lebih ok, design lebih baru, chipset juga baru, terus masalah frame rate yg suka turun di game udah di fix di miui12, masalah body belakang yg masih plastik sih ga masalah banget soalnya udah lama make yg bahan belakangnya plastik. Udah gitu doang",3,2 years ago,
59,"2 bulan lalu nonton reviewnya di sini, sekarang nonton ulang pake rn9",5,2 years ago,
60,Klo buat hasil kamera bagusan mana min..Oppo a53 vs Samsung a21s?,5,2 years ago,
61,Andainya pake Helio G90T bakalan lebih menarik lagi. Kalo ini gak kerasa update nya dibanding pendahulu.,0,2 years ago,
62,"Masih pake redmi note 4 dan belum ada keluhan, padahal udh 1x masuk bak mandi, 1x masuk kloset, dan jatuh kebanting, ga tau kenapa bandel banget si note4",0,2 years ago,
63,"Harusnya seri hp Compact itu ada di setiap brand, semisal pd redmi/XiaomiRedmi seri A & seri yg bkn notemi/redmi size ny jgn dibikin bongsor,Ini mah semua gak nanggung2,redmi 8/8a aja kegedean sekarang redmi 9/9a 6,53"" ...,gila emang!!
Gw suka bngt tuh size dan dimensi dari redmi5/6/6a/7/7a(tp 7a ketebelan) trs mi A3,kesini ny?? Wahh parahh!!",6,2 years ago (edited),
64,Dari disean redmi yg seri not mungkin yg paling sempurna ada di redmi not 8. Fil gegamnya mantap tampilan mewa karena memakai gorila glass 5 depan belakang,0,2 years ago,
65,"Semoga bang david tetep netral seperti ini,review ap adanya biar kami kami ini tidak salah",3,2 years ago,
66,menurut saya beli samsung m21 aja dengan spek yang lebih kenceng sedikit dan batre yang lebih besar dan kamera juga lumayan.,1,2 years ago,
67,"Kemarin gwe COD tt redmi note 8 sama note 9, suruh tambah 350, tp untungnya gx jadi krn katanya redmi note 8ku layarnya ada garis putih, pas gwe cek lg, ternyata masalah aplikasinya bukan layarnya, bersyukur aja dh gx jadi, krn kesan pertama gwe pegang redmi note 9 kok gede banget, terlalu lebar bodynya, kamera depan jg tompelnya gede jd kurang enak dilihat, coba kalau bodynya segede renote 8 tp agak memanjang dikit biar kesannya gx kegedean, kamera depan jg di kecilin bentuknya biar lbh enak dipandang,",0,2 years ago,
68,Gadgetin lebih kritis dari biasanya... Lanjutkan!!,0,2 years ago,
69,setelah update miui 12.0.4..mantep bener nih hp,1,2 years ago,
70,"Nunda beli hape cuma gara2 nungguin review bang david yang ini, gajadi nyesel deh  :')",11,2 years ago,
71,"Absen Sya Redmi Note 9S varian 6/128 ,chipset Snapdragon 720G bkn medietek G85 yalayar note 9s layarnya 6.67 inc ,muantap enak banget ,buat ngegame smooth ,batery nya susah mau habis ,ngecharge juga cepat ,score antutu redmi note 9s 277k ,beda banget sama note 9 mediatek 197k",1,2 years ago (edited),
72,"Berasa setengah hati Xiaomi dalam membuat spesifikasi untuk line up Redmi Note, atau karna ada Redmi Note Pro jadinya yang seri reguler tu dianak tirikan? Hmm, harusnya seri orisinil nya ini tetep dipertahankan (maunya, tapi apalah daya..)",0,2 years ago,
73,Aku dulu dari 5a terus note 5 terus note 7 sekarang mau otw note 9,2,1 year ago,
74,Alhamdulillah September 2020 sdh bisa kebeli Note 9 6/128 buat jadi daily driver nya bokap. Semoga awet dan ga banyak keanehan² yg terjadi (karena ini kali pertama pakai Xiaomi)...,3,2 years ago,
75,"untuk semua HP, cuma Xiaomi juaranya utk di urusan per selfiean dan cameranya.....padahal Xiaomi ini gak pernah beriklan di TV tapi lakunya bukan main.....jujur sih pendapat gw aja....coba Xiaomi buka endorse an ke gw sini hahahahaha",0,1 year ago (edited),
76,"Aku udah beli yang redmi note 9, awal launching langsung ikutan PO di akulaku. Setelah liat Vidio ini ga nyesel sama sekali. Karena q emg udah ada niatan ganti HP. Dr seminggu pemakaian pun q puas bgt. Soalnya HP lama q redmi note 4, jauh banget performa nya sama note 9 ini. Kenapa ga yg note 8 pro? Masih jauh harganya menurutku, yg Deket harganya itu yg 8/126 aku beli yg 4/64 aja sesuai kebutuhan, segitu jg udah cukup soalnya reno 4 q dulu cm 3/32.
Btw yg udah beli jgn menyesal cuma gegara review nya bang david, syukuri aja yg kita punya, diluar sana masih bnyk org yg HP nya jauh di bawah kita.",8,2 years ago,
77,"Style review jujur gini bgus hahah, jgn sakit hati guys job kita emang berikan honest review kek gini",0,2 years ago (edited),
78,"Bang kalo soal performa kan Helio-G85 itu chipset baru,banyak game android yang belom diptimalin bang kalo nanti udh diupdate sama developernya udh optimal bang",0,2 years ago,
79,Setuju bang gua suka hp yang Compact,0,2 years ago,
80,"Barusan dapet update an ke MIUI 12. Semua terbenahi, game makin lancar ga patah"". Jadi Xiaomi berhasil mbenahin kekurangan mreka yg kemaren"" dgn Update software. SELAMAT MENGGUNAKAN",2,2 years ago,
81,Xiaomi redmi note 9 apakah udh pake fitur smart protection/smart charging? Jd biar aman ngecas semalaman,0,1 year ago,
82,"bang bikinin konten review list hp compact yg recommended dong di tahun 2020 ini, butuh bnyk informasi nih buat kaum compact haha",6,2 years ago,
83,"Mohon kasih sarannya gan,kira2 worth it beli samsung a51 atau note 9 pro ya,ada yg bilang a51 cepet panas,ada yg bilang nge lag saat main game,tapi unggulnya di kamera dan layarnya dan saya suka,tapi perfomance nya memang kurang sih,jadi kira2 yg mana ya yg worth it,pengguna note 9 pro kasih experience nya dong saat pakai redmi note 9 bro,kira2 layarnya sama kameranya bagus nggak?
Oh ya kalo redmi note 9 pro,di ujung layar nya responsif gak saat main real drum,soalnya ada hp yg gak responsif di ujung layarnya pas saya pencet drumnya 3 kali malah 1 kali bunyinya",2,2 years ago,
84,"Mungkin klo untuk orang yg nyari body,layar,batre gede si ya redmi note 9 boleh jadi recommend di kelas 2 JT an, klo untuk spek emang turun banget wkwkwk",0,2 years ago,
85,Alhamdulillah udah kebeli semoga yang lain bisa nyusul beli hehe,2,2 years ago,
86,Beli RN 8 pas launching RN 9. Nunggu dikit karena masih mau bandingin mending mana. Dan ternyata pilihanku tepat wkwkwk,0,2 years ago,
87,"Gua malah milih 8 series biasa daripada 9, lebih oke si menurut gua",2,2 years ago,
88,"Cipset ok nih hp tapi ui nya belom optimal , gua pengguna realme c3 karna realme ui optimal banget jadi enakan aja pake HelioG70 nya, xiaomi jarang fix bug ui soalnya",10,2 years ago,
89,Mungkin speknya turn kasta tapi yg jadi deal itu tompel di kiri atas layar itu bagi sebagian orang mantap kali,0,2 years ago,
90,"bang mungkin bisa bikin konten, bandingin dengan peralatan elektronik yg dari miniso, seperti speaker, earphone dll",1,2 years ago,
91,"Di website resminya di jual 1,099.000",0,2 years ago,
92,"bang, dari segi kelebaran, apakah lebar note 9 ini dan versi pro nya sama ? karna saya suka hp lebar..soalnya klo saya liat sekilas kek lebar note 9 ini",0,2 years ago,
93,"Alhamdulillah sudah kebeli bang, memuaskan untuk Miui 12",1,2 years ago,
94,"Kasih rekomendasi hp compact yang layarnya ga terlalu gede. Dimulai dari harga terendah smpe tinggi.
.",4,2 years ago,
95,"Chipste g85 tu chip baru,jadi buat developer game belum punya settingan yang pas,kalo dah update bakal ajib ni hp",3,2 years ago,
96,"Menurutku sih krn chipsetny masih baru,jdi butuh update software untuk meningkatkan atau mengoptimalkan performanya,jdi santai ae",0,2 years ago,
97,Dulu beli Baru 2.500 sekarang beli second nominus fullset cuma 1400,1,2 months ago,
98,"Vivo Y30i Sama Note 9 biasa lebih kece mana , bagus mana kira² boleh minta prediksinya bang :)",0,2 years ago,
99,Renot 9 di up miui 12 udah mantep kok sekarang,5,2 years ago,
100,"Wkwkwk gw seneng penutupan akhir nya, semakin banyak hp baru yg keluar semakin murah harga hp yg sebelum nya  padahal dari spek masih bagusan redmi note 8 pro",23,2 years ago,
101,"Mantap,ripiu jujur,kelebihan dan kekurangan disebutin seperti biasa,jadi G85 dan G70 itu bagai snap 665 dan 660,beda tipis banget,dan kirain body blakangnya kaca,eh ternyata plastik wkwkwk",1,2 years ago,
102,"Selamat siang bang David
Saya sudah menggunakan hape Redno 9 ini sejak tanggal 19 atau penjualan pertama disini selama hampir seminggu menggunakan ini hape saya tidak merasakan kekurangan yang bang David utarakan bagi saya masalah disain itu selera saya justru malah suka disain seperti ini karena jarang yang berani berbeda seperti ini, masalah body plastik malah keuntungan bagi saya karena saya sering jatuh secara tidak sengaja, apalagi saya juga tak pakein case terus jadi gak masalah sih.
Untuk performa ya saya bukan gamer yang serius hanya sebagai hiburan saya mentok main PES Mobile sama Club Manager saja kalo misalnya mau serius bagi saya aman gak ada kendala sih cukup lah bagi saya, PES Club manager yang terkenal berat bahkan hape teman saya Redmi 8 mode 2d sampai gak kuat, disini mode 3d bisa dihandle dengan baik meskipun saya belum cek settingan defaultnya tapi bagi saya sudah cukup.
Saya yang menggunakan hape ini untuk kuliah online dimana kadang dosen suka ngambil kuliah di jam yang tidak terduga hape ini bener bener nolong karena batre nya yang 5000mah penggunaan saya bisa tembus 12 jam socmed sambil game dikit, untuk urusan copy paste artikel, edit makalah jurnal di WPS hape ini betul betul bisa menghandle dengan baik tanpa ada lag terutama pada saat copy artikel yang panjang mungkin terbantu dengan ram 6GB serta chipset G85 yang cocok dan  capable untuk multitasking.
Kekurangan yang saya rasakan hanyalah perekaman yang masih 30 fps saja dan saya berharap banget ada update disini, soalnya saya pernah dapat di Redmi Note 4x meksipun hilang lagi.
Mungkin kalo untuk nyari untuk gamer serius atau benar benar all round game dan sebagainya di harga yang sama Redmi Note 8 Pro pilihan yang tepat untuk budget 3 juta pas tapi kalo untuk kuliah online dan memiliki multitasking yang tinggi serta membutuhkan daya tahan batre yang lama karena dosen selalu memberi jadwal di luar dugaan Redmi Note 9 ini pilihan yang tepat bedasarkan penggunaan saya yang lebih multitasking, game ringan dan kamera.
Sekian ulasan saya bang DavidTerimakasih.",3,2 years ago,
103,Alhamdulillah udah kebeli note 9 . Bagus2 aja sih. Tinggal selera masing²,13,2 years ago,
104,"Mitos Kalau Redmi seri ganjil pasti bagus dan bikin orang berdetak kagum.Tapi tidak dengan berlaku di Redmi Note 9Sebagai User Redmi Note 8,mending upgrade ke Redmi Note 8 Pro aja deh.",0,2 years ago,
105,"Baru beli tadi ni HP kok liat review kayak gini bikin nyesek, tp Alhamdulillah saya suka kok ma HPnya, ngumpulin uang 6 bulan baru bisa kebeli ni HP. dalam hati bilang, "" GAK NGURUS REVIEWMU, YG PENTING GUE SENENG DAH KEBELI HP IMPIAN""",9,2 years ago,
106,"Allhamdulilah nntonnya pake Note 9, syukiri aja pakennya, krna d luar sana bnyak yg pngen beli HPDan stiap HP mempunyai kelebihan dan kekurangan masing²",10,2 years ago (edited),
107,buat channel ini moga jaya di semua lini!!️salam dari jatim bang,1,2 years ago,
108,"Bang bikin review setup kaya meja di belakang itu dong. Sama hiasan hiasannya, pencahayaan, dll biar keliatan estetik",0,2 years ago,
109,Masih pake redmi 4aTapi salut buat redmi 4a udah 4 tahun saya pke msh bagus komponennyaCuman teknologinya aja yang ktinggalan,1,2 years ago (edited),
110,Saya sempet galau beli note 9 atau 8..akhirnya mantepin diri beli note 9.. Bagusssss.. Design bagus.. Daleman juga baguss kok... Pake maen ML oke bgt.. Camera okee bagus.. Ga beda jauh juga dr note 8.. Oke bgttt...,0,2 years ago,
111,Alhamdulillah bisa kebeli renot 9 pas kmrn 4/64 pnya duit 1.7jt gas lngsg beli tp di tambahin lg sm emak 600k ya bersyukur walaupun dpt 4/64 klo yg 6/128 emg gk ada duit lg buat nambahin,5,2 years ago,
112,"Thanks bang akhirnya bisa mantepin pilihan gara"" vidio ini,  soalnya sempet bingung pilih note 9 atau note 8pro. Akhirnya kejawab",0,2 years ago,
113,Saran : lebih cocok pake smartwatch (band),0,2 years ago,
114,"Bismillah bulan depan bisa kebeli
Semangat nabung terusss:)",15,2 years ago,
115,Android 9 vs android 10 saat pertama launching di HP tsb siapa yang hidupnya paling lama dan dapet update diakhir hayatnya?,0,2 years ago,
116,"Coba bang update ke MIUI 12, ada perbedaan apa ga",0,2 years ago,
117,"Kalo samsung bangkitin lagi smartphone yg body nya kek s7 edge, mungkin bagus:""",8,2 years ago,
118,Dri kemaren² nunggu notif review dri hp ini akhirnya muncull jugaaaaa><,2,2 years ago,
119,Semoga Mtk g85 secepatnya di update. Mungkin karena masih baru jadi kurang maksimal !,1,2 years ago,
120,Mohon info yg tau. Kalau antara redmi note 9 dan redmi 9 yg soundnya lebih bagus yg mana yah? Ada yg bilang versi note ada yg sebaliknya,1,2 years ago,
121,Mungkin chipsetnya belum kompetibel kali karena chipset baru jadi ada rada rada nge lag saat main game,0,2 years ago (edited),
122,bikin perbandingan note 9 vs note 10 dong,0,2 years ago,
123,"Alhamdulillah saya bru bli note 8 uwaw bged tdinya mau beli yg note 9 stelah di survei satu"" Sy lbh milih note 8 variant blue",15,2 years ago,
124,Entah mengapa gua lebih suka main mobile legend di redmi note 8 walaupun gak ada HFR tapi main nya mulus asal jaringannya bagus sedangkan redmi note 9 walaupun ada hfr tapi suka gak stabil fps nya,0,2 years ago (edited),
125,4:49 akhirnya bang david ngasih tau penjelasan yang lebih simpel,1,2 years ago,
126,Tiap hari nonton ini pake Xiaomi note 4x sekarang udah pake note 9,1,1 year ago,
127,"Bang David, kenapa ya ga pernah unboxing/review hp² Infinix? Kan garansi resmi dan spek yg ditawarin juga lumayan bagus deh
Up",1,2 years ago,
128,bagusan mana sama Mi 8 lite ?,1,2 years ago,
129,"Redmi note 9 : ""i'am the next king!""
Redmi note 8 : ""Rene le, tak tapok cangkem mu""",367,2 years ago (edited),
130,"Ini mungkin kejadianya sama ya kek Note 5 amaa note 6 pro trus sehabis itu note 7 pun muncul dengan kualitas yang gk ngotak dengan harga murah mungkin ini trik xiaomi buat bikin HP yang populer lagi Note 8kan bagus banget nah trus di note 9 ini ngecewain dan akhirnya nanti seri selanjutnya bakalan bikin heboh mungkin note 10 nanti kasus ini sama kek note 7 yang bener bener gila populernya
Klo masih yang belum ngerti gini nih:Note 5       : recomendedNote 6 Pro: Gk rekomended aliasngecewainNote 7      : Super duper recomendedNote 8      : tetep rekomendedNote 9      : kurangrekomended NgecewainNote 10 nanti mungkin bakalan super duper rekomended kayak si note 7 kejadiannya
Gini sih kurang lebih  Thanks semoga membantu",1,2 years ago,
131,Suka kejujuran reviewnya bang,1,2 years ago,
132,"Kalo bandingin sama renote 8pro ya pasti 8pro lah soalnya beda jauh harganya 8pro(2,9+) renote 9(2,2/3+)",3,2 years ago,
133,"00:49
Proof that David is in the same level of Linus in segways to sponsorship lol",0,2 years ago,
134,"Aku pakai hp mulai  dari redmi 2 sekarang redmi Note 5A pengen ganti yang ini, tapi masih kalah sama kebutuhan hehehh",1,2 years ago,
135,"Samsung Note=Dikasih pen.Redmi Note=No pen.Seriously.
Apa yang ada di pikiran Lei Jun?..Atau Lu Weibing?Menurut saya..Apa salahnya Xiaomi menghadirkan sosok ""Pen"" di Dalam Hapenya. ya kan?Xiaomi Sudah Mencoba Membuat banyak produk yang digunakan Sehari-hari. dan itu banyak peminatnya.Tetapi...Menurut saya Kenawhy Xiaomi tidak membuat sosok ""Stylus Pen"" di hapenya.Itu menurut saya hal yang harusnya ada Di salah satu Hape xiaomi entah Di Redmi Series Atau Mi series.",28,2 years ago,
136,"kalau menurut gue gini sih, bang, kayaknya G85 itu masih banyak belum dapet optimisasi yang bagus, belum banyak kompatibel sama gameHape adek gue Realme C3, tiap hari dibawa main CODM, yang pas awal beli cuma bisa graphic rendah, dan framerate rendah, tapi baru kemarin-kemarin update dan dapet peningkatan di setting jadi Graphic Mediumya G70 aja stabil banget sih, jarang banget gue liat ada framedrop pas main, tapi kok G85 begini begitu ya",1,2 years ago,
137,"oke mana sempat keburu telat, heem udah terlanjur beli renote9 pdhl waktu itu galau bgt bandingin sm renote8 gak pake pro. gapapa, disyukuri aja. rejeki bisa ganti hp/upgrade hp dr hp kentang sebelumnya",0,2 years ago (edited),
138,Ditahun 2023 redmi not 9 sama infinix hot 11 play bagusan mana?,0,1 month ago,
139,Kamera bandingin note 8 pro bagusan mana bang?,0,2 years ago,
140,"Make note 6 pro langsung ngacir ke Note 9,ternyata Joss gandhoss juga speknya..",0,2 years ago,
141,"Alhamdulillah, nonton bg david udah pakai redmi note 9. Wlaupun butuh perjuangan jg beli nya.. Barang nya di medan ghoib",6,2 years ago,
142,"setelah menonton ini, saya gak nyesel beli Reno 8 seminggu sebelum Reno9 launching muehehe",0,2 years ago (edited),
143,"puji Tuhan sudah kebeli redmi note 9. overall bagus sih, krn udah up MIUI 12. semoga yg pengen punya juga bisa kebeli.",2,2 years ago (edited),
144,Ada Support Stabilizer Video Sama Night Mode Gak Mas,1,2 years ago,
145,Udah paling keren pembawaan nya bang David mah,0,2 years ago,
146,pekerjaan saya harus stand by 24 jam medsos dan kamera untuk foto hasil  lab dan rontgen. dan mungkin akan sering digunakan untuk seminar via  zoom dan google meet. kira2 hp android yang mendukung pekerjaan saya redmi note 8 atau redmi note 9 ya? galau banget milihnya antara renot 8 atau renot 9 :D,2,2 years ago,
147,nonton redmi 9 setelah dapet realme narzo gara² nonton video bang david,5,2 years ago,
148,Bang di next vidio barang barang gajelas tolong riview gamepad bluetooth tapi bukan bawaan dari hp hp gaming biasanya.saya penasaran apakah work gamepadnya dan apakah emang bisa di pakai semua hp?tolong ya bang.,1,2 years ago,
149,"Namanya juga dapid, apapun konten nya kalo ada endorse an bisa banget ganti topik pembicaraannya dan enak juga didenger",0,2 years ago,
150,Kyaknya lebih suka note 8 dari pada yg note 9,0,2 years ago,
151,Bang David Decor ruangannya koq bagus bisa dong bagi² pengalaman decornya :),0,2 years ago,
152,Mending mana note 8 pro atau note 9 biasa? (kamera),0,2 years ago (edited),
153,"Note 9 gx jelek kok cuma note 8 nya yg gebangeten mantep n merata  bagi yg punya note 8 udah puasin aja sampe note 12 besok muncul
Yg punya note 8 ayo absen",7,2 years ago,
154,Nih hp buat cuma streaming medsos sama nonton netflix udah mantep fhd+ layar gede.,9,2 years ago,
155,Bagusan poco x3pro karna kalau main di redmi note 9 agak patah patah dan ms nya turun,1,1 year ago,
156,Setelah update MIUI 12 kalo main pubg ato game lainnya gausah hide notch udah lancar jaya,1,2 years ago,
157,Bagus mana mas.. samsung a8 2018 sama redmi not 9.. menurut mas dafit,1,1 year ago,
158,"Keren bos reviewnya, jelas banget. Jempol dah",9,2 years ago,
159,G85 VS G90 bagusan mana sih kaloDi Versusin redmi note 9 ama redmi note 8,0,2 years ago,
160,"Gua pake yang pro, bagus, tapi kalo batere udah 10% kalo main game fps ngedrop yang tadi 50-60an jadi 25-38an",1,2 years ago,
161,"Setelah 8 bulan pemakaian mulai kerasa patah2 keset2 gituh apalagi pake main game, habis direset masih sma ajh, masih enakan pake snapdragon 400an dihp lama ku...Yg belum beli mending beli renot 8 sih kalau pendapat gw",1,2 years ago,
162,"1:47 Iya bener, standar Bang David kalo menilai Xiaomi or Redmi beda sama standar kalo menilai brand lain... Betul gak?",3,2 years ago (edited),
163,Guys menurut kalian pilih yang mana antara Realme 5i atau Redmi note 9?Kebutuhan untuk main game sambil record.,8,2 years ago,
164,Atyse: ok next redmi note 10  We will enter David's suggestions and opinionsDavid:  it's good,22,2 years ago,
165,"Saran dan info dong temen2 gadged
Dana 4,3 mending beli hp apa ya bro kira2? Buat aktftas biasa sosmed, game PES2020,game asphlat, camera ptg gak ptg si’ klau ada yg kumplit bagus syukur kalau camera standart ya gpp. Apa ya???Pingin si note 9 pro 8/128 rekomend gak itu atau ada yg lain? Please infonya",0,2 years ago,
166,"3:53,  Oke, ini bagian yang bikin gak bingung buat milih Reno 9 (dari chipset)",1,2 years ago,
167,Alhamdulillah udah beli.. Karna udah sering nonton,1,2 years ago,
168,"2:36 Setuju banget. Jangan sampe layar 6,3 inc kebawah punah. Lagi cari Punch Hole layar bawah 6,3 inc soalnya, wkk",0,2 years ago,
169,"Saya bersyukur banget bisa beli hp redmi note 9 , soal nya saya mau ganti hp saya yaitu iphone 6 yang udah 4 tahun saya pakai , Saran aja : buat kalian yang mau beli hp yang kalian pengen dari dulu kalian harus rajin menabung uang kalian..",0,2 years ago,
170,"mungkin ini yang di bilang orang BIKINNYA GAMPANG MEMPERTAHANKANNYA YANG SUSAH, REDMI NOTE 7-8 dah bagus, REDMI NOTE 9 Agak jatuh",15,2 years ago,
171,"Layar gede kalau buat game dan nonton sih enak, kalau buat daily user biasa rada kurang nyaman, rada kegedean aja gitu.",0,2 years ago,
172,menunggu redmi keluaran baru yang refresh rate 90hz,0,2 years ago,
173,"Alhamdulillah udah kebeli redmi note 9, semoga yang pengen beli cepet kebeli juga",0,2 years ago,
174,"Update ulang dong bang setelah MIUI 12,banyak banget berubahnya hampir 180 drajat setelah di-update,pokoknya the best yang sekarang",4,2 years ago,
175,"Alhmdllah bersyukur udh beli hp ini dgn wrna yg sama juga, smoga aja kalian yg mau beli hp bsa cepet terkabul ya aamiin",10,2 years ago,
176,"Menunggu Redmi 10X 5G dan Pro 5Gnya dng mediatek, pesaing huawei nova 5T yg midrange rasa flagship",4,2 years ago,
177,INTINYA KALO CHIPSET KENCENG  PASTI BUAT GAMING KENCENG JADI LAYAR HARUS GEDE KALO CHIPSET NYA LEMOT  JELEK BUAT GAMING JADI HARUS  LAYARNYA KECIL,1,2 years ago,
178,"Buat yg suka foto² malam hari bagusan mana bang, kea untuk dokumentasi gtuu? Camera note 8atau 9??",0,2 years ago,
179,"Akhirnya kebeli hp baru redmi note 9, selama ini pke redmi note 3 wkwkw semoga klian semua dilimpahkan berkat ya",4,2 years ago (edited),
180,"Gua dah pake ni HP dah 1bulan emang sih sering patah"" Kalo maen game, tapi setelah update ke miui12 kemaren yahh jadi lumayan bagus sih lag nya kurang ,. Hp ini tidak terlalu mengecewakan sihhh",0,2 years ago (edited),
181,Akhirnya gua dapat redmi note 9,1,2 years ago,
182,"menang si narzo, OS juga lebih clean gk banyak iklan, raja performance/price udah pindah ke realme skrg. kompetisi yg menarik.",5,2 years ago,
183,"Saya baru upgrade dari note 5 ke note 9, saya rasa kualitas kamera nya malah menurun, note 5 kestabilan video nya sangat wah, dan warna fotonya lebih natural, yaa udah kadung kebeli disyukuri aja",2,2 years ago,
184,Bang mau nanya speaker redmi 9 dan redmi note 9 lebih kenceng dan ngebas mana?,0,1 year ago,
185,Alhamdulillah sekarang nonton bisa pakek HP redmi note 9,0,2 years ago,
186,monitor di belakang merk dan tipenya apa bang?,0,2 years ago,
187,Bagusan mana Sama Poco M3 sama Redmi not 9?,1,2 years ago,
188,"Saran buat pemillik redmi note 9 , dia bakal enak buat di ajak game. Dengan cara tidak menggunakan DARK MODE .. Non aktifkan DARK MODE lalu restar hp. Trimakasih",11,2 years ago,
189,Mending not 8 apa 9 ya?Buat performanya di game?,0,2 years ago,
190,Jangan di skip lah membuat konten tidaklah semudah yang kau bayangkan Gaes....,2,2 years ago,
191,"Bang sekarang udah update MIUI 12, yg udah cocok untuk Helio g85 hehe",1,2 years ago,
192,Saya suka saat bang david lagi ngiklan,0,2 years ago,
193,kalau untuk stabil kayaknya lebih smooth redmi note 5 ya kak david,0,2 years ago,
194,"Alhamdulillah bisa kebeli yang note 9 4/64, ya walaupun cicil juga, drpd pake oddo ram 2/16, lelet amat",5,1 year ago,
195,Apa mungkin karna chipset baru ya? Jadi belum terlalu optimal... Tapi biasanya kan kalo ada chipset baru akan ada update2 yang bisa ngoptimalin itu hp.... Mungkin kah redmi note 9 akan stuck performa di itu2 aja ? Atau setelah update akan lebih baik?,3,2 years ago,
196,"Up.Kerasa banget beda nya, dri MIUI 11 pas awal beli, sampe dapet update ke MIUI 12 setelah 3/5harian setelah beli. Skarang makin mantebReview ulang please bang",0,2 years ago,
197,"Up.Kerasa banget beda nya, dri MIUI 11 pas awal beli, sampe dapet update ke MIUI 12 setelah 3/5harian setelah beli. Skarang makin mantebReview ulang please bang",6,2 years ago,
198,"Semoga terbaca dan di review ulang RN 9 nya di MIUI 12, karna beda banget sama pas di MIUI 11, emng gaada apa2nya",4,2 years ago,
199,..mending mana?....selalu jadi pertanyaan...lanjutttt bang david....musti di Versusin biar lebih gampang milih nya....,1,2 years ago (edited),
200,"Saya pemakai redmi note 9. Mungkin ini bug / bukan.Coba deh pas mau nge game, tampilan notch nya, setting dulu ""sembunyikan notch"" , jd jgn di setting full layar. Jamin fps lancar pol",0,2 years ago (edited),
201,"Alhamdulillah baru semingguan kebeli note 9, Semoga awet",0,1 year ago,
202,"Rekomended mana ya redmi note 9, redmi note 8 atau realme narzo? Mohon infonya",0,2 years ago,
203,Kamera belakangnya... GG gw demen banget sama kamerah kayak Xiaomi resmi note 9...... Hehe abetttt,1,2 years ago,
204,Alhamdulillah sekarang bisa komen pake hp renot 9 upgrade dari j1 mini to redmi note9,5,2 years ago (edited),
205,"Pengalaman gua pake ni HP buat pubg awalnya smooth tapi lama2 fps drop tapi aneh nya setiap buka game turbo jadi smooth lagi, jadi pas main pubg kalo udh drop fps selalu buka game turbo",0,2 years ago,
206,"Bang kalo rivew hp, pas di bagian display nya tambahin pembahasan tentang color gammut dong bang",0,2 years ago,
207,"Baru aja nyoba beli redmi 9 di klas 2 jutaan... Nyesel sih hehehe. Masih kalah jauh dibanding klas 2 jtan nya SAMSUNG. dari fitur LACI yg banyak kekurangan, kualitas kamera yang jauh dibanding SAMSUNG Dll",0,2 years ago,
208,Setelah update MIUI 12 jadi rekomendasi gk bang ?,3,2 years ago,
209,Xiaomi note 9 support wireless charging ga??,0,1 year ago,
210,"Saya masih pakai redmi 3 s pro, alhamdulillah masih bertahan 4 ini. Pengen ganti :)",4,2 years ago,
211,"Bang nanyak,kalo buat game sama note 8 bagus mana ya?",0,2 years ago,
212,Mediatek Helio G85 setara dengan Snapdragon berapa bang?,0,2 years ago,
213,Kira kira masih ada yang jual ga masSaya pengen beli,1,1 year ago,
214,"Reviewnya baru keluar pas gw baru beli . Gw belinya gara2 budget gw pas aja. Berhubung gw ga main game kayak ML atau PUBG, dan smartphone terakhir gw amat teramat kentang, jd gw sih puas2 aja. Yang gw ga suka ya ukurannya emang besar dan entah knp hotspot nya ga bisa nyambung ke laptop.",4,2 years ago,
215,"Alhamdulillah... Udah kebeli redmi note 9 6/128 .. Semangat pejuang nabung, HP nya mantep sih buat game",2,2 years ago,
216,Aku dari redmi 6A pengen ke redmi note 9.   Semoga yg pengen ganti hp bisa segera kebeli.aminnn,57,2 years ago,
217,Pilih mana bang antara infinix hot 11s nfc atau redmi not 9?,1,1 year ago,
218,Renot 8 snapdragon renot 9 mediatek helio. Pertanyaan nya lebih bagus mana antara kedua nya? Yg tau jwb,0,2 years ago,
219,Kan note 9 ada yang pro bang coba direview jg mgkn lebih bagus,0,2 years ago,
220,Bang klo Processor nya mediatek sertain GPS locking nya kadang suka susah,0,2 years ago,
221,Alhamdulillah nonton review ini pake redmi note 9,1,2 years ago,
222,"Alhamdulillah, udah ke beli  redmi note 9 nya",7,2 years ago,
223,"David : score antutu yang saya dapetin hanya 197000 sama seperti redmi note8, setelah saya tau agak gimana gitu sama mdtk G85.
Renot 9 update MIUI 12Xiaomi : SURPRISE",0,2 years ago,
224,"Gw pake not 9 nyaman"" aja no problem , apa lagi pas update miui 13 mantap dah , gw lebih fokus ke batre nya...mantap",2,5 months ago,
225,Mending mana bang redmi not 9 atau samsung m21??,0,2 years ago,
226,"Mantap bro David,,, semprot aja kayak model desinfektan tadi, klok jelek katakan jelek biar pada berbenah,,,",0,2 years ago,
227,Habis up jadi miui 12 sih bagi gua jadi lebih bagus,1,1 year ago,
228,"Redmi Note 9  : ""Kita tidak bisa menyenangkan semua orang""..",131,2 years ago (edited),
229,1 hal kak david kalo pas review tentang main game tolong cek untuk gyroscopenya juga work apa kagak kadang orang cari yg support gyro,2,2 years ago,
230,Bang David kasi saran dong aku mau ganti hp note 5 pro mau upgrade ke redmi note 7 pro atau redmi note 9 tapi masih bingung pas liat video review note 7 baterai note 7 bertahan 10 jam pas lihat video review bang David note 9 baterainya bertahan 9 jam kok bedaApa berpengaruh ram nya yaa bang pengen yang awet baterai,0,2 years ago,
231,Alhamdulillah nonton dah pake rednot 9 baru kebeli tadi,2,1 year ago,
232,"Baru pertama kali David test game Mobile Legend pake hero Gatotkaca,biasanya kan layla kalo nggk zilobg :v",1,2 years ago,
233,Amin bisa beli HP redmi note 9Akhirnya bisa punya yang gb nya besar,0,1 year ago,
234,"Review ulang RN 9, karena udah update MIUI 12 dan tambah enak !",166,2 years ago,
235,"Bikin video tentang flashing custom ROM, recovery, kernel, DLL dong",1,2 years ago,
236,"""Ya okelah. Yg penting ada"" dari sini bisa menggambarkan semuanya ttg hp tsb wkwkwk",0,2 years ago,
237,performa di MIUI 12 udh mantep bang,1,2 years ago,
238,alhamdulillah udh pakai renot 9 ini dan lancar2 saja:) mungkin tergantung pemakaiannya,1,2 years ago,
239,Seri Redmi Note 5 Pro videonya masih stabil sampai sekarang,1,5 months ago (edited),
240,Alhamdullah berkat 12.12 dari HP xiaomi 4A langsung ke 9 6/128,16,2 years ago,
241,"Kalau mau nyoba game Di hp,tambahin game PES MOBILE bang,kadang suka g yakin mana hp Yang cocok buat itu game",0,2 years ago,
242,"Hape yg bener2 value for money,  bang please di jawab. Itu speaker di desktop merk apa? Please infonya...",3,2 years ago,
243,"Bagus tapi sayang,guwa pake HP ini Untuk codm Hanya support grafik medium sama frame rate high gak kaya pendahulunya tapi lancar 2 aja sih semua game",1,2 years ago,
244,Kayaknya setelah di update ke MIUI 12 bakal jauh beda deh:),1,2 years ago,
245,"Nonton ini pake redmi 5A, Bismillah bulan depan upgrade",3,1 year ago,
246,Dari HP bisa nyasar ke desinfektan wkwk dasar bang david,6,2 years ago,
247,"Setiap tipe android baru keluar : gak ada yang berubah banyak
Setiap tipe iphone baru keluar: ada aja yang menonjol perbedaan nya",0,2 years ago,
248,alhamdulillah sudah kebeli dan belum ada kendala..karena hanya bermain di camera,1,2 years ago,
249,"Bang untuk Oppo sama vivo yang harga 5jtan kira-kira mana yg baik, mohon review nya",0,1 year ago,
250,"Itu dulu 8 bulan lalu sekarng udah beda jauh semenjak update MUI, gaming gk ada masalah sama sekali",2,2 years ago,
251,Bissmillah Minggu depan semoga bisa kebeli,0,2 years ago,
252,Alhamdulilah udah bli.Tadinya mau bli redmi 9t tapi kok naksir sama note 9 langsung beli hhehee,5,1 year ago,
253,"Semoga saat review hp  Oppo Vivo dan Realme, kritikannya sepedas kalo ngritik Xiaomi dan Samsung.  Semogaaa. Dan Semogaaaaa.......",0,2 years ago,
254,redmi note 9 sama note 8 bagusan yang mana ?,1,2 years ago,
255,"Review yang setelah upgrade miui dong, sekarang jauh lebih gahar",1,2 years ago,
256,"Kalo Redmi Note 8 Pro, rekomendid yang mana kira² ?",0,2 years ago,
257,Setelah update miui 12 jadi totally different phone loh gaes...,1,2 years ago,
258,"Alhamdulillah yang biasanya nyimak skrng dah kebeli note 9, smoga yang nonton bisa cpet beli aamiin.",6,2 years ago,
259,"Bang Kalo Test Game make game Sky Children Of The Light bang, Trus diliat dari settingan grafiknya bisa sampe mana",0,2 years ago,
260,"VS vivo y50 gimana bang??
Atau kalian yang pake vivo y50 gimana pengalamannya?",0,2 years ago,
261,"Masih bertahan sama redmi 5a selama 2.8 th semoga tahun ini bisa ganti hp ... Amin... Syukur"" dapat give away... :V",0,2 years ago,
262,Kalo chipset helio G85 sama snapdragon 665.Bagus mana,0,2 years ago,
263,Alhamdulillah hp redmi not 9 saya baru datang besok minggu,0,2 years ago,
264,Alhamdulillah baru beli note 8.. semoga yg ingin ganti hp ditambah rejeki nya,55,2 years ago,
265,"Baru beli 5 hari, tapi lancar"" Aja , apa lagi buat game, mantep banget, cuma d batre  agak boros dikit",0,2 years ago,
266,Bang rekomendasi hp snapdragon 855 tapi harga terjangkau apa ya?,0,2 years ago,
267,Enakan redmi note 10 apa note 9 kak,1,1 year ago,
268,"Bang David, tolong rekomendasikan HP yg cocok buat gaming tapi dana 2jt an",0,2 years ago,
269,Redmi note 9 apakah support dongle DAC ?,1,1 year ago,
270,"Alhamdulillah sudah bisa berkomentar menggunakan redmi note 9
Semoga yang lain bisa menyusul",722,2 years ago,
271,Yg mana bagus kaca atau poliycabonat yang tahan banting?,0,2 years ago,
272,Bang Bikin Daftar Video SmartWatch Terbaik di tiap kisaran harga...,0,2 years ago,
273,Untuk kamera kalian yg masih jelekCoba aktifin Gcam kamera asli lah super mantap apalagi kalog malem cakep bnner,0,2 years ago (edited),
274,Bang review E-SIM Smartfren dong buat hp yang support E-SIM. Penasaran sama cara kerja esim bang,4,2 years ago,
275,tapi jangan lupakan donk keunggulan utama hape ini ada di layar tompelnya,0,2 years ago,
276,"Bang david: ga terlalu merekomendasikan note 9
Me: mana sempat keburu nonton pake note 9~~~",307,2 years ago,
277,BANG ANTARA SNAPDRAGON DAN MEDIATEK HELIO BAGUSAN MANA?TY,1,2 years ago (edited),
278,"Oke Bang David udah ngegunain Green Screen, dan ini keren",0,2 years ago,
279,Semoga segera kebeli,1,1 year ago,
280,"Cara akalin performa sembunyi in kamera depan nya saat main game, helio G85 mantul coba itu gara gara software aja gara garam kamera depan model gitu",2,2 years ago,
281,Harga note 9 6/128 2.490.000 masih oke,0,2 years ago,
282,kalo di bandingin sama samsung m21 mnding mna bang,4,2 years ago,
283,Kenapa gak Review ulang setelah update ke MIUI 12..Hape ini jadi jauh lebih Layak loh,1,2 years ago,
284,Ginkgo mah menang dari segala aspek,1,2 years ago,
285,Gua juga redmi note 9 bang mending di  update ke MIUI 12 dan fps main ml pun 60 fps gak frame drop sama PUBG juga smooth ultra juga ga ada frame drop di HP gua menurut gua pribadi sih redmi note 9 itu sudah sangat bagus batrei oke kamera juga oke sih,0,2 years ago,
286,Riview ulang dong bang setelah update mui 12 hehe,1,2 years ago,
287,Bentar lg sih kyk nya cusrom G85 keluar soalnya liat Kasus note 8 pro dlu nunggu 4 bulan baru rilis cusrom nya,1,2 years ago,
288,"Nontonin review ini, sementara udah nungguin barang dateng dari PO redmi note 9 ....Tabah aku:"")",4,2 years ago,
289,Akhirnya Bisa Beli HP Ini Juga :),1,2 years ago,
290,Awesome screen awesome camera long lasting battery life nyimak aja lah,0,2 years ago,
291,Riview ulang bang setelah update miui 12.Jadi gahar hp note 9.,0,2 years ago,
292,"Makasih review nya bang David,,, fix gak jadi ganti dulu deh...",0,2 years ago,
293,Gue juga udah belii redmi note 9 semoga yg lain nyusul yaah,1,2 years ago,
294,"Kirain gue hp orang kaya,soalnya saudara gue yang punya ayah tajir terus dibeliin hp ini,ternyata 2jtan doang kirain gue 4jtan",23,2 years ago (edited),
295,"Udah make sekitar 2 tahunan, ini HP lumayan buat yang RAM 6 ROM 128",0,11 months ago (edited),
296,"kalo untuk redmi,,seri apa yg paling recommended untuk hp gaming bang",0,2 years ago,
297,Setelah update MIUI 12 buat game jadi lebih ok,2,2 years ago,
298,"david : ""soal jasa semprot disinfectant dari tokopedia""me : (tab tab tab)",23,2 years ago,
299,Bang milih mana antara redmi 9 atau note 9?,0,2 years ago,
300,Bang coba review lagi redmi note 9 yang udh di diupdate miui 12 penasaran sma pendapat lu bang itu kan updatenya ngeoptimalin si chipset mediatek helio g85,100,2 years ago,
301,"Next: kalo udah dipasarkan, review PS5 baru y bang...",0,2 years ago,
302,"Mau tanya, bagusan mana renot 8 / renot 9  kestabilan+smooth utk kamera vidionya buat bikin2 story ig gtu??",0,2 years ago,
303,Wkwkwk tadinya mau minang ini hp. Tapi gajadi.. grgr banyak yg review kurang sreg. Akhirnya ambil Note 8,0,2 years ago,
304,lebih rekomended mana ya antara redmi note 8 dengan redmi note 9?,0,2 years ago,
305,Alhamdulillah dah kebeli redmi not 9,1,2 years ago,
306,Bang davit. review ulang dong di 2021.soal udah stabil di miui 12,6,1 year ago (edited),
307,"Bang saran dong ,poco M3 ram 6/128 sama redmi not 9 ram 6/128 bagusan yg mana ?dalam segi pemakaian",1,1 year ago,
308,"Pernah ngerasa mediatek di redmi note 10s yang Helio g95, tapi Helio g85 yang dinote 9 lebih baik menurut saya",3,6 months ago,
309,Gpp punya yg kentang kita tetap bersyukur,0,2 years ago,
310,"bang mo nanya, kalo punya budget 3.5 jt better beli hp apa ya? palingan dipake buat motion graphic ama desain vector....gak main pubg dan game happening lainnya sih",1,2 years ago,
311,Setelah update bisalah lawan renot 8,0,2 years ago (edited),
312,"Baruuuu aja gw beli ni hp, eh baru ngeliat gadgetin nge review. Semoga ga mengecewakan... biasa ny gw liat review disini dulu -_-",20,2 years ago,
313,"misii numpang nanya dong , kalau note 9 sma note 8 nya aja mending mana yaa? mau upgrade dri 5a kepentok bugdet",5,1 year ago,
314,Bang boleh ngasih masukkan gadget in sebelum masuk mereview kasih music atau backsound yg khas gtu hehehe mantap setiap mereview semoga sukses selalu aamiin,0,2 years ago,
315,"Hallo buat yang udah pake redmi note 09 ini selamat ya, tapi gua mau nanya nih.. Selama lu make hape ini, ada kendala ga sih? Kok kalo gua video pake kameranya kadang (suaranya gak sesuai)atau (suaranya terlalu kecil),tulung ini gua jadi ga betah make ini jadinya.",1,2 years ago,
316,"saran aja bang,  mending tes game nya di aov full rata kanan high frame rate mode. biar lebih keliatan kuat atau enggaknya",0,2 years ago,
317,Udah aku subscribe dan like...Mau tanya bang => apa bener hp xiomi redmi itu ram nya kebagi sama sistem miui... Semisal ramnya 4 trus kebagi sama sistem miui jadi sisa 2?,1,2 years ago,
318,Alvin tse be like: why you don't recommend?David : '-'Alvin : we have redmi note 9 proDavid  :),218,2 years ago,
319,"Bersyukur udh bisa beli redot 9,,biasa paka oppo a71 pake hp gede ya gimana enak2 aja heheh ini udh MIUI 12 udh enteng buat ikut turnament MOBa
Semoga saya bisa jadi peamin esport,,,Amienn",1,2 years ago,
